{"flutter":{"platforms":{"android":{"default":{"projectId":"cinetix-kmu","appId":"1:315027536356:android:f32be17cf8a1c6a9a8aff1","fileOutput":"android/app/google-services.json"}},"dart":{"lib/firebase_options.dart":{"projectId":"cinetix-kmu","configurations":{"android":"1:315027536356:android:f32be17cf8a1c6a9a8aff1","ios":"1:315027536356:ios:b990a9ba2be806b8a8aff1","macos":"1:315027536356:ios:b990a9ba2be806b8a8aff1","web":"1:315027536356:web:46304e9e36471704a8aff1","windows":"1:315027536356:web:b48da9e0026c8256a8aff1"}}}}}}