{
  "project_info": {
    "project_number": "315027536356",
    "project_id": "cinetix-kmu",
    "storage_bucket": "cinetix-kmu.appspot.com"
  },
  "client": [
    {
      "client_info": {
        "mobilesdk_app_id": "1:315027536356:android:f32be17cf8a1c6a9a8aff1",
        "android_client_info": {
          "package_name": "com.example.app"
        }
      },
      "oauth_client": [],
      "api_key": [
        {
          "current_key": "AIzaSyCY312ITt2JGXUmmZUfVLnTE-i_Kog72mA"
        }
      ],
      "services": {
        "appinvite_service": {
          "other_platform_oauth_client": []
        }
      }
    }
  ],
  "configuration_version": "1"
}